Country,Region
Canada,Americas
United States,Americas
Mexico,Americas
Belize,Americas
Costa Rica,Americas
El Salvador,Americas
Guatemala,Americas
Honduras,Americas
Nicaragua,Americas
Panama,Americas
Antigua and Barbuda,Americas
Bahamas,Americas
Barbados,Americas
Cuba,Americas
Dominica,Americas
Dominican Republic,Americas
Grenada,Americas
Haiti,Americas
Jamaica,Americas
Saint Kitts and Nevis,Americas
Saint Lucia,Americas
Saint Vincent and the Grenadines,Americas
Trinidad and Tobago,Americas
Argentina,Americas
Bolivia,Americas
Brazil,Americas
Chile,Americas
Colombia,Americas
Ecuador,Americas
Guyana,Americas
Paraguay,Americas
Peru,Americas
Suriname,Americas
Uruguay,Americas
Venezuela,Americas
Greenland,Americas
Bermuda,Americas
Saint Pierre and Miquelon,Americas
Anguilla,Americas
Aruba,Americas
Bonaire,Americas
British Virgin Islands,Americas
Cayman Islands,Americas
Curaçao,Americas
Guadeloupe,Americas
Martinique,Americas
Montserrat,Americas
Puerto Rico,Americas
Saint Barthélemy,Americas
Saint Martin,Americas
Sint Maarten,Americas
Turks and Caicos Islands,Americas
U.S. Virgin Islands,Americas
French Guiana,Americas
Falkland Islands,Americas
South Georgia and the South Sandwich Islands,Americas
China,Asia-Pacific
Japan,Asia-Pacific
South Korea,Asia-Pacific
North Korea,Asia-Pacific
Mongolia,Asia-Pacific
Taiwan,Asia-Pacific
Brunei,Asia-Pacific
Cambodia,Asia-Pacific
Indonesia,Asia-Pacific
Laos,Asia-Pacific
Malaysia,Asia-Pacific
Myanmar,Asia-Pacific
Philippines,Asia-Pacific
Singapore,Asia-Pacific
Thailand,Asia-Pacific
Timor-Leste,Asia-Pacific
Vietnam,Asia-Pacific
Afghanistan,Asia-Pacific
Bangladesh,Asia-Pacific
Bhutan,Asia-Pacific
India,Asia-Pacific
Maldives,Asia-Pacific
Nepal,Asia-Pacific
Pakistan,Asia-Pacific
Sri Lanka,Asia-Pacific
Australia,Asia-Pacific
New Zealand,Asia-Pacific
Papua New Guinea,Asia-Pacific
Fiji,Asia-Pacific
Solomon Islands,Asia-Pacific
Vanuatu,Asia-Pacific
Samoa,Asia-Pacific
Tonga,Asia-Pacific
Kiribati,Asia-Pacific
Micronesia,Asia-Pacific
Palau,Asia-Pacific
Marshall Islands,Asia-Pacific
Nauru,Asia-Pacific
Tuvalu,Asia-Pacific
Hong Kong,Asia-Pacific
Macau,Asia-Pacific
Christmas Island,Asia-Pacific
Cocos (Keeling) Islands,Asia-Pacific
Guam,Asia-Pacific
Northern Mariana Islands,Asia-Pacific
American Samoa,Asia-Pacific
Cook Islands,Asia-Pacific
Niue,Asia-Pacific
Tokelau,Asia-Pacific
French Polynesia,Asia-Pacific
New Caledonia,Asia-Pacific
Wallis and Futuna,Asia-Pacific
Norfolk Island,Asia-Pacific
Albania,EMEA
Andorra,EMEA
Austria,EMEA
Belarus,EMEA
Belgium,EMEA
Bosnia and Herzegovina,EMEA
Bulgaria,EMEA
Croatia,EMEA
Cyprus,EMEA
Czech Republic,EMEA
Denmark,EMEA
Estonia,EMEA
Finland,EMEA
France,EMEA
Germany,EMEA
Greece,EMEA
Hungary,EMEA
Iceland,EMEA
Ireland,EMEA
Italy,EMEA
Kosovo,EMEA
Latvia,EMEA
Liechtenstein,EMEA
Lithuania,EMEA
Luxembourg,EMEA
Malta,EMEA
Moldova,EMEA
Monaco,EMEA
Montenegro,EMEA
Netherlands,EMEA
North Macedonia,EMEA
Norway,EMEA
Poland,EMEA
Portugal,EMEA
Romania,EMEA
San Marino,EMEA
Serbia,EMEA
Slovakia,EMEA
Slovenia,EMEA
Spain,EMEA
Sweden,EMEA
Switzerland,EMEA
Ukraine,EMEA
United Kingdom,EMEA
Vatican City,EMEA
Armenia,EMEA
Azerbaijan,EMEA
Bahrain,EMEA
Georgia,EMEA
Iran,EMEA
Iraq,EMEA
Israel,EMEA
Jordan,EMEA
Kuwait,EMEA
Lebanon,EMEA
Oman,EMEA
Palestine,EMEA
Qatar,EMEA
Saudi Arabia,EMEA
Syria,EMEA
Turkey,EMEA
United Arab Emirates,EMEA
Yemen,EMEA
Algeria,EMEA
Angola,EMEA
Benin,EMEA
Botswana,EMEA
Burkina Faso,EMEA
Burundi,EMEA
Cabo Verde,EMEA
Cameroon,EMEA
Central African Republic,EMEA
Chad,EMEA
Comoros,EMEA
Democratic Republic of the Congo,EMEA
Republic of the Congo,EMEA
Djibouti,EMEA
Egypt,EMEA
Equatorial Guinea,EMEA
Eritrea,EMEA
Eswatini,EMEA
Ethiopia,EMEA
Gabon,EMEA
Gambia,EMEA
Ghana,EMEA
Guinea,EMEA
Guinea-Bissau,EMEA
Ivory Coast,EMEA
Kenya,EMEA
Lesotho,EMEA
Liberia,EMEA
Libya,EMEA
Madagascar,EMEA
Malawi,EMEA
Mali,EMEA
Mauritania,EMEA
Mauritius,EMEA
Morocco,EMEA
Mozambique,EMEA
Namibia,EMEA
Niger,EMEA
Nigeria,EMEA
Rwanda,EMEA
Sao Tome and Principe,EMEA
Senegal,EMEA
Seychelles,EMEA
Sierra Leone,EMEA
Somalia,EMEA
South Africa,EMEA
South Sudan,EMEA
Sudan,EMEA
Tanzania,EMEA
Togo,EMEA
Tunisia,EMEA
Uganda,EMEA
Zambia,EMEA
Zimbabwe,EMEA
Faroe Islands,EMEA
Gibraltar,EMEA
Isle of Man,EMEA
Jersey,EMEA
Guernsey,EMEA
Åland Islands,EMEA
Mayotte,EMEA
Reunion,EMEA
"Saint Helena, Ascension and Tristan da Cunha",EMEA
Western Sahara,EMEA
